Fecha;Año;Mes;Cuentas activas;Cuentas nuevas;Depósitos;Retiradas;Nº de depósitos;Depositos_real;GGR_Total;GGR_real;Cantidades_Total;GGR_Ap_Deportivas;GGR_Casino;GGR_Poker;GGR_Otros;Publicidad;Bonos;Afiliados;Patrocinio;Total Gastos;Gastos_real;IPC;Tasa_paro;PIB_var_anual;decreto;covid
2013-01-01;2013;Enero;289770;120555;39803786;20772330;1464463;50579815,74432938;20966725;26643020,522269525;490782627;9846343;2833831;6563720;1722831;6056129;2443546;1102163;266825;9868663;12540393,925916513;78,695;26,94;-2,9697;0;0
2013-02-01;2013;Febrero;287528;125069;37468821;19126090;1354706;47529963,720316626;20277768;25722762,33001827;456031108;10327299;2940668;5784063;1225738;5793865;3013126;1099009;219788;10125788;12844768,621879442;78,832;26,94;-2,9697;0;0
2013-03-01;2013;Marzo;305069;145874;41835683;22526521;1417211;52883594,78693954;20920774;26445504,304187894;498364413;10594017;3027864;6068938;1229955;6747101;3006975;909130;235332;10898538;13776609,488174545;79,109;26,94;-2,9697;0;0
2013-04-01;2013;Abril;290931;118272;39693634;21786590;1300446;49988834,4562685;19963714;25141633,398400605;462357636;10124959;2960787;5519123;1358845;6730506;2793074;1121471;222304;10867355;13685983,250425035;79,405;26,06;-1,2348;0;0
2013-05-01;2013;Mayo;280910;97914;39966205;22888871;1394652;50239726,71619464;19847994;24950024,512576837;459168566;10012855;2797436;5732312;1305391;4946858;2596839;987123;206306;8737126;10983049,867380673;79,551;26,06;-1,2348;0;0
2013-06-01;2013;Junio;239465;73477;36871382;23553819;1233424;46280713,95398461;15701377;19708264,193098947;430164856;6785325;2704634;5142141;1069277;4165578;2391619;913810;158020;7629026;9575902,797826005;79,669;26,06;-1,2348;0;0
2013-07-01;2013;Julio;189706;57152;34027834;19649890;1088662;42932996,03825481;16576495;20914601,68058745;416404052;7589155;2774755;5129313;1083272;3929530;2092994;868677;57202;6948404;8766817,229806455;79,258;25,65;-0,9055;0;0
2013-08-01;2013;Agosto;237728;88041;38609861;21139005;1201994;48563419,45059367;17984846;22621309,619641777;438996240;8938693;2557572;5250698;1237883;4164487;2710022;874314;34055;7782878;9789291,104850069;79,504;25,65;-0,9055;0;0
2013-09-01;2013;Septiembre;338720;149084;40947021;25292362;1367010;51599799,63455358;16976383;21392959,4858547;468137362;7824584;2646741;5376673;1128385;5483994;2810468;862961;79775;9237198;11640347,804171128;79,355;25,65;-0,9055;0;0
2013-10-01;2013;Octubre;303976;118735;42392327;25383246;1479949;53204557,092296496;19402482;24351115,740856953;501561916;9485068;3045163;5692788;1179463;8301738;3031278;959487;33303;12325805;15469521,072316073;79,678;25,73;-0,5423;0;0
2013-11-01;2013;Noviembre;298177;103948;40928716;22778378;1487182;51260853,66464607;19825616;24830439,356745657;471645785;10249536;2590199;5645664;1340217;4160912;2579989;1204885;24541;7970327;9982374,380041081;79,844;25,73;-0,5423;0;0
2013-12-01;2013;Diciembre;284497;93203;41135047;25876349;1495845;51473499,34305199;20196410;25272364,38716136;499132637;9382464;2845761;5865966;2102219;7115679;1008727;916117;26593;9067116;11345950,071951449;79,915;25,73;-0,5423;0;0
2014-01-01;2014;Enero;316668;115633;47460146;26579572;1638292;60188893,116217725;23277254;29520182,113326233;542753713;12297851;3017641;6355665;1606097;5945325;2067724;1113198;86239;9212486;11683262,314208897;78,852;25,93;0,7828;0;0
2014-02-01;2014;Febrero;326819;110632;44024094;24637767;1504032;55855380,75058997;20376206;25852224,111243624;501714529;10443425;2844268;5735812;1352701;6021848;2254895;1046108;46432;9369282;11887236,418077089;78,818;25,93;0,7828;0;0
2014-03-01;2014;Marzo;340938;114006;48479455;28196774;1618583;61371059,82732866;23991398;30371164,898599893;536708031;14259165;2973710;5604045;1154478;4707094;2627975;1238904;3959;8577933;10858967,769704029;78,994;25,93;0,7828;0;0
2014-04-01;2014;Abril;347128;107169;46190517;29267865;1495272;57957660,890623234;15396780;19319146,26648431;496166155;6372892;2955246;5064587;1004055;8104500;2116712;925181;27806;11174198;14020851,474961415;79,697;24,47;0,8109;0;0
2014-05-01;2014;Mayo;345191;101779;47806891;30397727;1610684;59972264,943862505;20906142;26226108,00978486;545616457;11179339;3094301;5374043;1258459;9032345;2136421;1011985;13858;12194608;15297758,26381484;79,715;24,47;0,8109;0;0
2014-06-01;2014;Junio;372573;141578;49140316;28132968;1480176;61627997,0402699;22348031;28027178,09799717;523327627;13475438;3097704;4974494;800395;6110291;3010897;1160600;15641;10297429;12914241,819983196;79,737;24,47;0,8109;0;0
2014-07-01;2014;Julio;366025;75560;44713794;29018674;1335016;56609054,65456341;18282277;23145931,60899895;499975807;8466024;2977092;5721341;1117820;5305719;2298847;947538;18952;8571056;10851223,619076557;78,987;23,67;1,711;0;0
2014-08-01;2014;Agosto;356346;77728;47651492;24531704;1449809;60232950,75336233;20561032;25989776,519364953;514760831;11214611;2485868;5846780;1013773;2599601;2364989;1044514;80546;6089649;7697503,539286076;79,112;23,67;1,711;0;0
2014-09-01;2014;Septiembre;486319;133482;49690037;28330523;1572313;62713814,95084118;22617619;28545705,703431647;547993625;12931437;3024393;5664787;997002;4734622;1950959;1010405;152000;7847986;9904946,171418473;79,233;23,67;1,711;0;0
2014-10-01;2014;Octubre;346860;102066;52778798;31073942;1652751;66303356,69958041;20600664;25879580,915052384;611651907;10395352;3435079;5726104;1044129;5208303;2758243;1014816;205860;9187221;11541444,938569382;79,602;23,7;2,2448;0;0
2014-11-01;2014;Noviembre;379058;105581;53546267;33190463;1726169;67313999,27087131;21590047;27141246,055790916;625143940;10816512;4006148;5498925;1268462;6981159;2520796;1022447;151337;10675739;13420668,284159051;79,547;23,7;2,2448;0;0
2014-12-01;2014;Diciembre;349009;98428;53437036;35301503;1740839;67570825,58830595;22886145;28939399,112325024;609488782;12030778;3614875;5405961;1834531;7944133;2001947;1061515;155546;11163141;14115727,779674519;79,083;23,7;2,2448;0;0
2015-01-01;2015;Enero;392919;128366;61310712;35883237;1917307;78793389,19446872;24319279;31253892,71577649;667495950;13138777;3645833;6172257;1362412;5074672;1534290;1321287;0;7930249;10191550,146506967;77,812;23,78;3,1917;0;0
2015-02-01;2015;Febrero;391401;114926;57888366;34175732;1795563;74242505,00179552;26011117;33359561,124506235;637427285;15594524;4143280;5187238;1086075;8297769;1689038;1043213;0;11030020;14146129,379777357;77,972;23,78;3,1917;0;0
2015-03-01;2015;Marzo;402558;125134;61661658;37516393;1910466;78579913,34267874;26603622;33902920,86147573;689634173;15585936;4460083;5452113;1105490;9024967;2095509;1313065;0;12433540;15844959,857270295;78,47;23,78;3,1917;0;0
2015-04-01;2015;Abril;391627;109351;60181240;38267242;1873561;75995049,94254397;20224595;25539006,95786137;700750885;9350215;4522123;5100234;1252023;6651898;1821038;902295;21126;9396357;11865435,466151457;79,191;22,37;3,9311;0;0
2015-05-01;2015;Mayo;393736;110438;63117936;43370510;1900985;79324782,26444972;19228858;24166268,270306274;696330510;8729605;4635565;4732826;1130862;7988967;1836601;739723;18084;10583375;13300877,226055373;79,569;22,37;3,9311;0;0
2015-06-01;2015;Junio;344641;91811;57438859;40776342;1657330;71994759,46955454;23244284;29134747,186082076;660066650;11993733;4292615;4548542;2409394;4445996;2498216;1093954;14597;8052763;10093458,42420596;79,782;22,37;3,9311;0;0
2015-07-01;2015;Julio;270257;63140;52980630;32616321;1531209;67029301,24871902;21904049;27712261,99061247;619107539;10417943;4063227;4680994;2741885;4659178;2710871;821494;14617;8206161;10382157,361369416;79,041;21,18;4,1494;0;0
2015-08-01;2015;Agosto;369430;103318;65346364;34565226;1895921;82948963,55627769;30203467;38339490,21947473;687859200;18821191;3818284;4897764;2666228;6687688;4814720;1221722;8927;12733056;16163007,908198886;78,779;21,18;4,1494;0;0
2015-09-01;2015;Septiembre;406554;121520;70657404;42016646;2069908;89968172,55780788;31410810;39995428,84791688;774639045;18541843;4259588;4838329;3771050;6638859;4638282;1379390;6507;12663038;16123864,215137007;78,536;21,18;4,1494;0;0
2015-10-01;2015;Octubre;517553;150725;73628197;42783181;2255313;93154261,82011412;30581946;38692222,8267058;810746152;16589179;4444377;5117993;4430397;5976564;4071344;1252711;55951;11356569;14368310,58085249;79,039;20,9;4,0496;0;0
2015-11-01;2015;Noviembre;522224;151321;72643482;46782024;2251942;91572416,14037742;26857321;33855615,22268023;817843816;13094997;4556180;4985757;4220387;6576354;4117813;1061834;62705;11818706;14898342,34643069;79,329;20,9;4,0496;0;0
2015-12-01;2015;Diciembre;515209;136176;76445326;48594658;2156753;96647566,91151372;36528702;46182158,615371004;800279697;21166255;5077539;4454732;5830176;10719196;5565622;1764410;123664;18172891;22975449,132078335;79,097;20,9;4,0496;0;0
2016-01-01;2016;Enero;522200;142654;82454916;48762040;12324442;106272768,98489459;33568505;43265073,207196996;878062698;18804757;5062474;5054610;4646664;7362186;5133251;1865172;61150;14421759;18587615,352889623;77,588;21,0;3,6539;0;0
2016-02-01;2016;Febrero;553506;150970;81896730;48695376;12209114;105927425,82197274;32346251;41837508,083917536;859879365;18044768;4733294;4888512;4679677;12388867;6416923;1334294;341952;20482036;26492014,38290607;77,314;21,0;3,6539;0;0
2016-03-01;2016;Marzo;575666;160933;89019096;56286629;13070878;114405726,770338;35899081;46136847,44891402;923758576;20209533;5767721;4846514;5075313;12799042;7212365;1684890;136058;21832356;28058547,74450585;77,81;21,0;3,6539;0;0
2016-04-01;2016;Abril;634221;199441;93238052;62222255;12668354;118994387,08442345;29242114;37320035,734796755;937387254;13346017;5558891;4660164;5677042;8893032;8823299;1439266;283978;19439575;24809616,489056215;78,355;20,0;3,3083;0;0
2016-05-01;2016;Mayo;618308;171081;88738999;62204598;12868796;112637242,80618915;32336616;41045169,643197134;911771940;16102617;5636560;4886079;5711360;11386479;7284850;1489803;286068;20447200;25953822,525164057;78,783;20,0;3,3083;0;0
2016-06-01;2016;Junio;560789;148622;86625823;55349347;12035705;109447898,87299743;36535852;46161434,27502906;880218442;21761383;5176417;4204515;5393537;9475449;8582443;1490328;268496;19816716;25037544,852681056;79,148;20,0;3,3083;0;0
2016-07-01;2016;Julio;485092;112237;79630139;54741135;1930922;101346712,56936313;31796548;40468039,50516724;818095145;15982545;4955009;4437389;6421605;4506342;7740285;1618443;155996;14021067;17844864,582803033;78,572;18,91;3,0707;0;0
2016-08-01;2016;Agosto;524620;145621;87822153;53744382;2136890;111629342,97662476;33212843;42216316,90668971;834503701;17735057;4534384;4625328;6318074;7968653;9262685;1488576;208927;18928842;24060150,242141522;78,673;18,91;3,0707;0;0
2016-09-01;2016;Septiembre;613131;192261;95898895;59540634;2470220;121889364,10895178;37369345;47497165,62654905;926331862;21297375;5152811;4728399;6190760;7036632;10834556;1728740;280225;19880152;25268060,55136825;78,677;18,91;3,0707;0;0
2016-10-01;2016;Octubre;592574;148395;100568680;60723222;2775987;126380667,53795116;41215639;51794057,253443256;961913124;23932112;5614568;4960201;6708758;7545134;6341951;1500163;246730;15633979;19646600,733889617;79,576;18,63;2,1758;0;0
2016-11-01;2016;Noviembre;609233;173370;99476492;60742951;2811520;124557362,51627767;43140484;54017434,6388861;946865462;25453233;6079445;4992979;6614827;12621933;5917237;2429828;668923;21637921;27093460,132224783;79,864;18,63;2,1758;0;0
2016-12-01;2016;Diciembre;611929;158153;100204195;61993787;2922538;124728266,8226742;39492640;49158106,99793373;1004375054;19333329;6296841;5279318;8583152;11193603;6354319;1473447;645783;19667151;24480508,601160098;80,338;18,63;2,1758;0;0
2017-01-01;2017;Enero;627991;159956;109166219;59793437;3085942;136635399,76970062;51206666;64091651,647141285;1045301687;31713804;6717508;5389032;7386322;9171264;5292116;2121618;594527;17179525;21502359,317112245;79,896;18,75;2,5263;0;0
2017-02-01;2017;Febrero;632014;160355;103675826;64353443;2894899;130232923,82675108;35242132;44269585,97125917;1012598531;17348441;5764497;4752286;7376908;9397660;6967566;1447708;594527;18407461;23122627,122902222;79,608;18,75;2,5263;0;0
2017-03-01;2017;Marzo;679419;180095;115916285;76770347;3333571;145638110,61413208;40537804;50932008,242034376;1140739874;20236645;7423061;5020107;7857991;10038620;7317100;1853068;1365958;20574746;25850268,871243343;79,592;18,75;2,5263;0;0
2017-04-01;2017;Abril;713913;189168;121159622;78767050;3484372;150778562,89511675;42723076;53167250,73423267;1134974920;21729441;7045779;5034026;8913830;11630041;7847304;1549462;607244;21634051;26922757,479217485;80,356;17,22;3,3311;0;0
2017-05-01;2017;Mayo;660780;150561;114960734;75668048;3172297;143149790,8053992;42844883;53350703,54136574;1109694427;23490511;6424331;4760371;8169670;8601473;6915301;1758227;602930;17877931;22261706,18120237;80,308;17,22;3,3311;0;0
2017-06-01;2017;Junio;563493;123064;104685832;73992050;2716865;130298634,60413475;33732111;41985127,515776105;1030903109;13314658;6701718;4635608;9080127;4397016;6555910;1316595;599058;12868579;16017050,645358026;80,343;17,22;3,3311;0;0
2017-07-01;2017;Julio;486371;114992;102312874;63196297;2694321;128230904,39665113;41880056;52489166,29067028;1003178053;19784774;6911048;4840800;10343434;3886622;6608877;1419427;574806;12489732;15653647,164987218;79,788;16,38;2,9202;0;0
2017-08-01;2017;Agosto;663370;196273;116757387;67325465;4840464;146043487,56050885;47458560;59362527,67458441;1096017611;25608480;6987468;4833272;10029340;6844214;7806243;1581082;666079;16897617;21136023,8658111;79,947;16,38;2,9202;0;0
2017-09-01;2017;Septiembre;713914;193508;127697509;76956311;6802183;159450476,9872387;50631406;63221294,60829608;1172298329;29429078;7584305;4990513;8627510;8184452;8350409;1952983;667521;19155366;23918495,11774842;80,086;16,38;2,9202;0;0
2017-10-01;2017;Octubre;692029;179955;129655713;73983907;6638628;160415357,87194556;57212912;70786157,74822146;1196781790;35256453;7763008;5030282;9163169;9132036;7725551;1768325;1237131;19863043;24575370,244355086;80,825;16,55;3,1004;0;0
2017-11-01;2017;Noviembre;677387;162514;122968880;72567110;6133871;151450698,3274626;50900557;62690047,294135034;1137562968;28572864;7278654;5086640;9962399;10208016;7363122;2276055;983006;20830199;25654850,112077247;81,194;16,55;3,1004;0;0
2017-12-01;2017;Diciembre;682488;158936;128737655;70151649;6804582;158483405,3501742;62978001;77529515,82523914;1218402260;36870626;8257056;5322758;12527561;11938373;7877390;3444157;930250;24190170;29779480,740111534;81,231;16,55;3,1004;0;0
2018-01-01;2018;Enero;757508;203529;136851536;76392300;0;170308675,25356233;59709700;74307385,97473711;1298821677;33274370;8799346;6443921;11192063;13150893;7077777;2228049;1309499;23766218;29576526,662933234;80,355;16,74;2,4434;0;0
2018-02-01;2018;Febrero;788650;208001;133594502;81273961;0;166032216,04961288;48728166;60559718,131315015;1291835838;22846958;8477336;7313716;10090156;13713311;8275767;2017295;831734;24838108;30868980,773771796;80,463;16,74;2,4434;0;0
2018-03-01;2018;Marzo;842834;238288;151113776;97963146;0;187583822,83572084;51982503;64528045,631718755;1506558660;22155955;9423446;7714654;12688448;14396598;10181273;2051585;859497;27488952;34123180,81382358;80,558;16,74;2,4434;0;0
2018-04-01;2018;Abril;852854;221281;148548142;92234482;0;182887006,30355558;55264525;68039649,61095242;1378448547;28917129;8850124;6609063;10888209;11999966;9568040;2733363;1174162;25475530;31364535,112774547;81,224;15,28;2,3469;0;0
2018-05-01;2018;Mayo;843058;193221;143270462;98422134;0;174813878,1785348;45375678;55365901,21528625;1387139044;19105256;8161040;6537776;11571606;13389405;9649322;2296468;1312344;26647539;32514445,55615208;81,956;15,28;2,3469;0;0
2018-06-01;2018;Junio;883174;239819;154229486;89522855;0;187695613,97103566;66516248;80949553,36497505;1397773038;38283771;8912323;6301409;13018745;15624767;10417055;2665546;956710;29664078;36100861,628331505;82,17;15,28;2,3469;0;0
2018-07-01;2018;Julio;809156;189562;143038060;91893911;0;175332565,18061802;59526161;72965716,28197742;1368738945;30746381;9008260;6489698;13281822;10509257;10767611;2690744;1015063;24982675;30623153,675488163;81,581;14,55;1,8394;0;0
2018-08-01;2018;Agosto;767807;178595;144091897;84026475;0;176373547,37628067;59212051;72477631,98159051;1362185548;31339502;8561962;6323334;12987253;9344363;8537246;2272918;1308024;21462552;26270918,148769233;81,697;14,55;1,8394;0;0
2018-09-01;2018;Septiembre;859059;214855;158231094;95131237;0;193207436,16982305;63288291;77277911,27880141;1499658278;34143307;9082228;7215396;12847360;16966165;10032143;2715419;1419360;31133087;38014929,72880569;81,897;14,55;1,8394;0;0
2018-10-01;2018;Octubre;900380;249123;160233607;97227976;0;193860680,66881216;62559056;75687874,75500278;1638020637;33627051;8859311;6830780;13241914;16057921;11501429;3000610;1129728;31689688;38340174,70418855;82,654;14,45;2,5077;0;0
2018-11-01;2018;Noviembre;846468;210941;154008862;96550267;0;186534963,60355124;63701175;77154627,37545875;1637374105;33776719;9245771;7003517;13675168;16548303;9907527;2919222;986581;30361633;36773897,50856922;82,563;14,45;2,5077;0;0
2018-12-01;2018;Diciembre;828006;212089;157643854;97009402;0;191797177,37520227;63195710;76886973,34322874;1566662861;31757479;10126354;7039227;14272650;18622459;10404369;4302430;2077221;35406479;43077243,80421691;82,193;14,45;2,5077;0;0
2019-01-01;2019;Enero;911864;270950;162142614;104946687;0;199825754,84952307;58510878;72109238,12575486;1583471960;27150002;9436463;7690620;14233793;14979162;8711194;2747835;1812459;28250650;34816309,6793276;81,142;14,7;2,7714;0;0
2019-02-01;2019;Febrero;900358;226131;158060399;93737538;0;194320628,2271945;70863311;87119880,7474797;1456617873;41978232;9174765;6799080;12911234;18451202;10066661;3890800;1233095;33641757;41359425,86673223;81,34;14,7;2,7714;0;0
2019-03-01;2019;Marzo;916318;238142;166660270;102317711;0;204150460,58111617;64434700;78929271,3998726;1595119030;31790826;10509418;6907418;15227038;14578478;10252273;3538612;1866081;30235444;37036900,387084134;81,636;14,7;2,7714;0;0
2019-04-01;2019;Abril;904987;229968;161091824;100290346;0;195359904,9224463;64209675;77868607,4291466;1574891222;33709623;9462618;6314802;14722632;15632409;9933576;2972672;1425245;29963902;36337940,0671849;82,459;14,02;1,8931;0;0
2019-05-01;2019;Mayo;923973;240478;161315453;106195204;0;195252245,85143852;57970262;70165775,4269599;1571681984;27028372;9356464;6552805;15032621;14508784;10191925;3069338;1311102;29081150;35199106,74300101;82,619;14,02;1,8931;0;0
2019-06-01;2019;Junio;754751;155467;151316346;100939658;0;183364855,4324907;55242344;66942565,61886527;1451210077;23864190;9933368;6487637;14957149;10377028;9095621;2652238;984886;23109773;28004378,22641235;82,522;14,02;1,8931;0;0
2019-07-01;2019;Julio;772659;193574;145399918;92744408;0;177293189,93793514;59730437;72832226,16478278;1426817036;28250994;8964550;6265874;16249019;7093018;9196417;3010588;850962;20150985;24571075,831290923;82,011;13,92;1,8636;0;0
2019-08-01;2019;Agosto;898054;232913;161770831;96011398;0;197365742,69505277;63117560;77005502,34856342;1528792846;34950824;9354300;6154274;12658162;12562590;10735678;3325382;2624449;29248098;35683643,018361494;81,965;13,92;1,8636;0;0
2019-09-01;2019;Septiembre;938131;241833;174850277;110202081;0;213323097,66363692;68891932;84050426,40151285;1612483421;36158841;9843977;8057664;14831450;15982459;11798114;3255649;2324890;33361111;40701654,36466785;81,965;13,92;1,8636;0;0
2019-10-01;2019;Octubre;916658;237958;177403627;115285147;0;214359143,3059449;61530524;74348144,03093281;1636691211;29838415;9264088;6719064;15708957;19629642;12881809;3306530;2036494;37854475;45740061,62397293;82,76;13,78;1,4583;0;0
2019-11-01;2019;Noviembre;957398;276619;173656137;113621805;0;209476642,94330516;59185494;71393840,77201447;1617400743;28252106;9756125;6254182;14923081;19962965;12320798;3434880;1978246;37696889;45472724,96984318;82,9;13,78;1,4583;0;0
2019-12-01;2019;Diciembre;1044117;282134;183536441;129115056;0;221555336,7938194;64557151;77929926,36407532;1723679733;30520129;11148486;7065925;15822611;19221325;13794039;4151316;2240443;39407123;47570162,964751326;82,84;13,78;1,4583;0;0
2020-01-01;2020;Enero;866412;235452;182253501;108778669;0;222173665,15506145;77826512;94873356,73883364;1611017398;43075321;10728804;7506532;16515855;19600528;13325919;3463661;1949429;38339536;46737292,763799496;82,032;14,41;-4,1983;0;0
2020-02-01;2020;Febrero;896810;234353;178037448;111031317;0;217291081,9552084;72661360;88681711,1124672;1537922135;39920033;10802504;6520843;15417980;19742124;14092220;3918434;2293603;40046382;48875794,22713126;81,935;14,41;-4,1983;0;0
2020-03-01;2020;Marzo;971107;315176;165003878;108979882;0;202158608,6913907;67392647;82567779,12547016;1655170942;26444156;12735252;10172790;18040449;20226084;16501540;2906683;1800358;41434665;50764711,28753629;81,621;14,41;-4,1983;0;1
2020-04-01;2020;Abril;572569;119371;142514651;86318144;0;174078578,9319392;65778261;80346730,1021156;1555040460;13254484;14751724;17116775;20655278;2979676;2753775;2125703;1125755;8984909;10974872,966238335;81,868;15,33;-21,9489;0;1
2020-05-01;2020;Mayo;547035;71815;155836652;90738455;0;190362742,63098103;68811675;84057113,71437646;1596085626;18945453;15313478;13209650;21343094;1376150;395481;1781859;978660;4532150;5536261,803256661;81,863;15,33;-21,9489;0;1
2020-06-01;2020;Junio;809211;172888;178108210;102254149;0;216571267,02334633;74306507;90353242,94747083;1602665489;34198248;11577357;7870968;20659934;12806856;9580004;2751642;2220823;27359325;33267661,721789885;82,24;15,33;-21,9489;0;1
2020-07-01;2020;Julio;830672;277251;183967859;120034070;0;225721895,16821674;69864542;85721260,82795514;1640669354;33024317;11021431;7723547;18095247;16822744;25465576;3302978;2998868;48590167;59618373,782238476;81,502;16,26;-9,0927;0;1
2020-08-01;2020;Agosto;888366;276672;193576592;128775882;0;237400775,07971546;63050142;77324186,90213393;1791917486;25234762;11920198;7671551;18223631;17347966;28767684;2805556;1659570;50580776;62031856,75741967;81,54;16,26;-9,0927;0;1
2020-09-01;2020;Septiembre;926355;305521;203022523;138352109;0;248613214,2244863;59773495;73196217,33486812;1958286016;25824151;11120141;7566487;15262716;17775247;30054637;3255212;2371497;53456592;65460792,04525973;81,662;16,26;-9,0927;0;1
2020-10-01;2020;Octubre;1016992;323091;221774409;135105340;0;270160079,18138623;83875803;102175420,87952247;2100694132;46518641;12922978;7750214;16683970;23725874;18567971;4169525;2802372;49265742;60014303,81288829;82,09;16,13;-9,0859;0;1
2020-11-01;2020;Noviembre;1062368;354763;230880389;170304663;0;280790986,92611736;62663168;76209386,43964732;2284962994;18627472;16089511;8537277;19408908;23726347;18146684;3013342;3669196;48555569;59052075,40285802;82,225;16,13;-9,0859;0;1
2020-12-01;2020;Diciembre;1074056;326305;242871166;162424145;0;294746560,6796116;84739199;102838833,73786406;2265352214;39644271;15681962;8655197;20757769;25609537;19551910;5071720;2951528;53184694;64544531,55339805;82,4;16,13;-9,0859;0;1
2021-01-01;2021;Enero;1103609;381662;251173082;160422199;0;304795808,608492;91895714;111514451,44223185;2314606126;45166321;15079865;9751072;21898456;24534809;17654650;4745275;3525879;50460613;61233406,14268205;82,407;16,14;-4,0209;0;1
2021-02-01;2021;Febrero;1157475;400271;243302539;156593743;0;296992918,874051;82923935;101223035,32628599;2336403945;40539079;14810191;7646247;19928418;22160094;18940055;4209236;2621074;47930459;58507432,67986622;81,922;16,14;-4,0209;0;1
2021-03-01;2021;Marzo;1100981;323716;243359844;180552066;0;294211330,33512264;65203579;78828254,50940569;2390641524;23545877;14740682;7555298;19361722;24733476;19409842;3390901;3233883;50768103;61376399,97098506;82,716;16,14;-4,0209;0;1
2021-04-01;2021;Abril;1122129;324947;245961140;171303458;0;293884960,51043695;74606903;89143540,08101037;2309013309;32826781;14907289;7768834;19103999;23936179;22283380;4040078;2955983;53215619;63584312,90549987;83,693;15,39;19,1043;0;1
2021-05-01;2021;Mayo;946298;140658;224273146;160516453;0;266715599,31975216;71975731;85596740,28089954;2258418272;30661631;14495069;6404959;20414072;19238918;13027148;2970158;2501714;37737938;44879634,18840011;84,087;15,39;19,1043;0;1
2021-06-01;2021;Junio;911138;126403;205338515;145337915;0;243041550,77112457;69347414;82080573,34264444;2000232853;31296747;12387028;6168702;19494937;18447902;13895111;3058969;2145844;37547826;44442134,292849794;84,487;15,39;19,1043;0;1
2021-07-01;2021;Julio;899913;121800;201813556;141813563;0;240684026,2373286;62923191;75042565,29516995;1999986178;22547365;12873443;6516487;20985896;11847408;14949632;2874127;595846;30267012;36096615,38461539;83,85;14,71;5,2658;0;1
2021-08-01;2021;Agosto;892928;136352;212292944;146244229;0;252033602,43138;62283430;73942717,73197834;2116069486;21758181;12477312;6314319;21733618;13630679;12851368;2795354;670849;29948250;35554480,48247697;84,232;14,71;5,2658;0;1
2021-09-01;2021;Septiembre;952936;151426;224843343;162571241;0;264727132,83255234;58222487;68550270,79850237;2252983830;18247750;12551189;6750921;20672627;10640525;15106815;2992628;764536;29504505;34738155,50898345;84,934;14,71;5,2658;0;1
2021-10-01;2021;Octubre;961727;173809;238794549;180728759;0;276075828,94006664;42006141;48564258,46281909;2475628980;-754085;13424551;6526665;22809010;12814252;15386949;3011523;451961;31664686;36608266,278209396;86,496;13,44;7,069;0;1
2021-11-01;2021;Noviembre;954047;164662;229281234;172838032;0;264267624,8544853;61695569;71109794,72343564;2307157168;20681466;12449203;6803373;21761527;11730138;14930381;3245271;393990;30299779;34923270,82444877;86,761;13,44;7,069;1;1
2021-12-01;2021;Diciembre;978846;162927;250428239;194952586;0;285235530,8267937;72153540;82182238,57307199;2411295617;23350890;15579095;7212664;26010891;10908617;16515065;3582391;417971;31424043;35791704,72795198;87,797;13,44;7,069;1;1
2022-01-01;2022;Enero;1041576;119029;261842081;182958992;0;299384954,2648068;74398697;85065969,58609651;2515724876;27580131;14908230;8058534;23851802;12430287;17368557;3201701;296681;33297226;38071376,62931626;87,46;13,73;7,0464;1;0
2022-02-01;2022;Febrero;1034639;105385;243195688;182106183;0;275835276,23714083;58528739;66383952,045549914;2379263909;14405041;15701867;6879196;21542635;10446869;16333970;2553433;171973;29506245;33466313,92697948;88,167;13,73;7,0464;1;0
2022-03-01;2022;Marzo;1053602;118952;264801092;196399871;0;291512370,50981426;69061307;76027727,68805663;2520470459;22709213;15485675;6964139;23902280;11541635;16355032;3195933;164131;31256731;34409690,984951064;90,837;13,73;7,0464;1;0
2022-04-01;2022;Abril;1078317;114479;269052790;195556449;0;296718856,1471613;64656071;71304502,84529534;2601762393;17991877;15490050;6769216;24404928;11701719;18775835;2490770;172583;33140908;36548709,69164939;90,676;12,69;6,9401;1;0
2022-05-01;2022;Mayo;1085686;113908;268923300;246956938;0;294143132,15059173;61991234;67804819,19803993;2441610076;14128149;14991147;6782649;26089289;10881516;17451565;2722708;95686;31151476;34072885,17489554;91,426;12,69;6,9401;1;0
2022-06-01;2022;Junio;891750;89423;236068046;173697146;0;253514944,4790481;74961957;80502112,37354755;2075463118;27355533;15253520;6641383;25711521;9160922;13588672;2652352;107209;25509155;27394440,38746537;93,118;12,69;6,9401;1;0
2022-07-01;2022;Julio;818226;73858;244543498;167421167;0;263286891,82933;84267640;90726456,43350093;2112630165;32942292;15446611;7020414;28858323;7544033;12806133;3294172;96509;23740847;25560498,917970307;92,881;12,73;5,5184;1;0
2022-08-01;2022;Agosto;1002358;106413;278857475;186591557;0;299469994,737803;81404040;87421244,24111602;2288129784;31374626;14840855;6943187;28245372;10657330;13864667;3303731;122654;27948382;30014263,775680058;93,117;12,73;5,5184;1;0
2022-09-01;2022;Septiembre;1116133;128570;300559208;215895806;0;325034290,040013;80484123;87038091,27284525;2523808143;26903148;17857990;8009219;27713766;12169935;15948084;3383321;125138;31626479;34201880,60992754;92,47;12,73;5,5184;1;0
2022-10-01;2022;Octubre;1151616;123472;322429894;219107144;0;347520903,21189916;108408822;116845033,41237336;2641670857;53211791;18013458;8190380;28993193;11721602;16611573;3666674;480320;32480168;35007725,80297478;92,78;12,99;3,7751;1;0
2022-11-01;2022;Noviembre;1211124;148586;309238339;202699015;0;333702035,2005525;105722514;114086171,21151626;2533467303;51321455;18041589;8518194;27841276;13247275;16546030;4757604;407172;34958080;37723596,887848146;92,669;12,99;3,7751;1;0
2022-12-01;2022;Diciembre;1204775;124711;316174086;222644531;0;340675465,477114;99445012;107151336,09171623;2710631285;35288647;22258169;9346283;32551913;13925913;18723855;6377487;870901;39898156;42989996,55202138;92,808;12,99;3,7751;1;0
2023-01-01;2023;Enero;1151205;110585;323150585;223890088;0;348925728,5694233;103070366;111291466,64075238;2751874909;45155911;18951136;9141934;29821385;9873542;17548162;4448510;505726;32375939;34958309,30862838;92,613;13,38;4,4676;1;0
2023-02-01;2023;Febrero;1143152;108585;298768054;213829586;0;319582459,59331244;81150029;86803543,80823003;2546990206;25725722;19212182;8836452;27375673;12638160;15531723;3557441;479754;32207078;34450862,686790675;93,487;13,38;4,4676;1;0
2023-03-01;2023;Marzo;1162400;114445;316945886;208245795;0;337783766,55902636;117979120;125735758,9709158;2656956692;57884473;19758430;9380583;30955634;11575355;16536542;4422262;483295;33017455;35188216,04800119;93,831;13,38;4,4676;1;0
2023-04-01;2023;Abril;1163600;107646;321074806;215515172;0;340157650,17480665;103432967;109580429,07087615;2628990166;40881570;20094632;8769466;33687299;11998537;16723961;4519050;527307;33768855;35775881,9790232;94,39;11,67;2,1315;1;0
2023-05-01;2023;Mayo;1199518;115302;324064921;215350286;0;343489237,3734697;115393810;122310466,9033865;2646735208;54484255;19401184;8609665;32898706;12621386;16553951;4281281;515319;33971937;36008200,75255711;94,345;11,67;2,1315;1;0
2023-06-01;2023;Junio;1037524;85464;280791334;203607250;0;295940529,7161708;93786966;98846940,904923;2389617608;36142424;17380271;8380985;31883286;10689429;15685800;3871105;178247;30424581;32066041,673253864;94,881;11,67;2,1315;1;0
2023-07-01;2023;Julio;930083;82387;282358250;186363310;0;297087866,4169525;103611009;109016023,44226763;2413823481;40581511;18878921;8602578;35547999;9455582;14373923;3564826;124704;27519035;28954604,280212957;95,042;11,89;1,5402;1;0
2023-08-01;2023;Agosto;1106157;110972;308708299;202374457;0;323078846,07334226;101006437;105708344,14768921;2514467399;36585831;20893211;8688295;34839100;11573662;16461357;4201401;362847;32599266;34116780,39182853;95,552;11,89;1,5402;1;0
2023-09-01;2023;Septiembre;1211990;129350;330725367;226858553;0;345509728,2727928;99639848;104094031,61270776;2711107259;34701833;19986395;9523165;35428455;12284637;16844388;3808248;383653;33320926;34810465,832993805;95,721;11,89;1,5402;1;0
2023-10-01;2023;Octubre;1263401;132559;337101669;262690026;0;351154887,601825;68456765;71310615,84616345;2857454341;4831186;21053431;6732731;35839417;13855432;18617351;3915699;363099;36751581;38283694,451967746;95,998;11,8;1,997;1;0
2023-11-01;2023;Noviembre;1265666;130338;338055496;232862781;0;353381658,5304663;114925672;120135968,97442062;2729638967;49992463;20852931;9407932;34672346;14489612;16809750;3958067;368836;35626264;37241424,58421751;95,663;11,8;1,997;1;0
2023-12-01;2023;Diciembre;1279037;124723;361411508;239119021;0;377701786,03154033;131912163;137857977,57271102;2977663984;58172245;23480530;9265950;40993438;16912787;17629493;6521573;490331;41554184;43427199,097056024;95,687;11,8;1,997;1;0
2024-01-01;2024;Enero;1331435;141723;366806382;250315890;0;383015602,2888648;113877043;118909283,8944115;2974480120;43477574;22786391;10538660;37074418;13980507;19498080;4565137;303843;38347566;40042149,778631695;95,768;12,29;2,5334;1;0
2024-02-01;2024;Febrero;1338741;142105;356350505;237531141;0;370781313,7303866;123514420;128516273,35913762;2789161246;56118262;23471241;8647338;35277579;13894063;18345703;5396703;336757;37973227;39510994,92237899;96,108;12,29;2,5334;1;0
2024-03-01;2024;Marzo;1339909;130387;370738593;251883375;0;382836217,4721189;112757965;116437386,41057414;2889646756;48374315;24464070;9264565;30655015;15351802;18127089;4435457;317247;38231595;39479135,68773234;96,84;12,29;2,5334;1;0
2024-04-01;2024;Abril;1384608;141416;357898963;251100262;0;367023158,7259265;101740078;104333816,68273273;2679608885;37675334;19012279;8820709;36231756;13638353;20034929;3971730;371968;38016980;38986176,34390959;97,514;11,27;3,2562;1;0
2024-05-01;2024;Mayo;1357037;138019;360411586;242574971;0;368628311,05337983;128910143;131849058,51428337;2758843152;59698110;20696726;8051296;40464011;13968180;19607083;4962945;480783;39018992;39908553,66110606;97,771;11,27;3,2562;1;0
2024-06-01;2024;Junio;1482295;172598;373135196;253367676;0;380210921,2443575;115722175;117916602,98148544;2816294726;46375903;20959295;8691838;39695139;16400267;22396159;3822283;351968;42970676;43785524,61304884;98,139;11,27;3,2562;1;0
2024-07-01;2024;Julio;1493379;170421;376945744;282600479;0;385926247,78597975;101915306;104343376,36808535;2967146181;34787620;19886075;4608714;42632897;17150513;22585431;4806668;339403;44882015;45951301,79271651;97,673;11,21;3,2562;1;0
2024-08-01;2024;Agosto;1401029;141106;382591333;249313150;0;391545989,78641534;131766702;134850738,38690862;2863137239;59563045;20902311;6661033;44640313;17580165;20799073;4329771;411918;43120927;44130184,315290704;97,713;11,21;3,2562;1;0
2024-09-01;2024;Septiembre;1456540;148016;382154453;270085345;0;393474720,71496964;114309141;117695232,84906767;2935771024;40208459;20814217;9250209;44036256;15675688;23051631;4106191;507539;43341049;44624907,59140471;97,123;11,21;3,2562;1;0
2024-10-01;2024;Octubre;1566027;175587;408215874;292626607;0;417701883,7806588;116843308;119558481,10591534;3143113003;43548945;19839728;8561274;44893361;20523208;26239076;5162396;501932;52426612;53644887,39268795;97,729;10,61;3,2562;1;0
2024-11-01;2024;Noviembre;1532411;165080;410154823;270688380;0;418662035,5626327;149275837;152372036,78752246;3067778235;74445653;21458818;8338977;45032389;19013662;23594113;4665776;418853;47692403;48681613,38396211;97,968;10,61;3,2562;1;0
2024-12-01;2024;Diciembre;1553353;158806;434451558;301560498;0;441466460,0501976;142927292;145235077,37956122;3198015536;57632681;24907767;8645362;51741482;27271807;27367230;6193919;1102515;61935471;62935516,35487902;98,411;10,61;3,2562;1;0
2025-01-01;2025;Enero;1751414;203973;452499331;313046556;0;459022034,1046268;134046499;135978757,13894442;3331683107;55343622;20510447;10302912;47889518;20251660;31682176;4650057;895412;57479304;58307858,67172522;98,579;11,36;3,2562;1;0
2025-02-01;2025;Febrero;1717982;183693;431858931;306693414;0;436371007,21459895;126654924;127978218,78220804;3159826329;53104379;20513291;7827718;45209536;18944308;28850207;4446059;1125502;53366076;53923646,50486026;98,966;11,36;3,2562;1;0
2025-03-01;2025;Marzo;1756984;184333;470583282;337363718;0;475221443,286476;137887221;139246264,54192922;3547980570;56029601;23422410;7386600;51048610;20395180;28000533;4289987;1223019;53908719;54440053,92632089;99,024;11,36;3,2562;1;0
2025-04-01;2025;Abril;1735606;171961;456037895;308756171;0;457653411,5427458;156115776;156668816,9237408;3281425668;81448728;21515404;4820518;48331126;20687211;27255518;5255434;2241803;55439966;55636362,359127715;99,647;10,29;3,2562;1;0
2025-05-01;2025;Mayo;1709494;165967;457176220;325480268;0;458487494,2335078;135310917;135699016,1862928;3317232196;53278992;23334973;5940048;52756904;23692719;28547110;4818535;1833905;58892268;59061182,98333233;99,714;10,29;3,2562;1;0
2025-06-01;2025;Junio;1670408;168006;436517476;328631534;0;434856324,8391145;119635561;119180292,2834771;3220111395;35681899;23012769;8352315;52588578;18532391;27063942;3912527;886742;50395601;50203822,39843796;100,382;10,29;3,2562;1;0
2025-07-01;2025;Julio;1572844;142159;427158376;284673372;0;425859504,5112407;153842780;153374986,29180998;3182168243;67699887;23844898;7439175;54858820;16401389;25062244;5576859;681776;47722268;47577157,66910922;100,305;10,45;3,2562;1;0
2025-08-01;2025;Agosto;1624910;149043;454851978;295603606;0;453288133,9379142;156878030;156338661,6174199;3312579740;69763869;23277987;6431858;57404316;18499033;25653809;4944632;919051;50016526;49844562,2602023;100,345;10,45;3,2562;1;0
2025-09-01;2025;Septiembre;1776136;168657;467327328;356642975;0;467051767,4572003;94644484;94588676,68075837;3499053177;10656553;22489867;7839995;53658069;19747942;31309690;5338957;701360;57097949;57064281,074166246;100,059;10,45;3,2562;1;0
2025-10-01;2025;Octubre;1835561;174618;497679333;350816457;0;493984330,2100289;157145166;155978447,21483302;3654454924;67325749;24806386;10905734;54107297;23700164;30961782;4221544;972975;59856466;59412063,76305236;100,748;9,93;3,2562;1;0
2025-11-01;2025;Noviembre;1797408;161563;496556446;330886932;0;491917662,44316095;178918473;177247033,47433698;3534992752;87418743;23452256;9822080;58225394;21721032;30014678;5520517;751943;58008169;57466262,147944875;100,943;9,93;3,2562;1;0
2025-12-01;2025;Diciembre;1802284;164317;514853664;365429240;0;508301655,6585611;149474091;147571889,34632584;3752772540;54832612;25699604;8411878;60529997;21598708;32794322;6979574;842189;62214792;61423048,89968308;101,289;9,93;3,2562;1;0
